customer_id,name,signup_date,location
1,Aisyah Binti Ali,18/9/2020,Sarawak
2,Ahmad Binti Ahmad,18/11/2022,Penang
3,Nur Bin Ismail,29/12/2021,Sabah
4,Siti Binti Ali,26/2/2022,Perak
5,Aisyah Binti Rahman,23/8/2020,Sarawak
6,Ali Binti Yusof,6/2/2022,Pahang
7,Ahmad Bin Abu,4/12/2022,Perlis
8,Ali Bin Ismail,13/6/2020,Perlis
9,Nur Binti Rahman,7/11/2022,Labuan
10,Hafiz Bin Abu,17/6/2021,Malacca
11,Liyana Bin Ismail,27/5/2022,Kedah
12,Farah Binti Rahman,23/4/2020,Malacca
13,Faiz Bin Ismail,19/3/2021,Kelantan
14,Syafiq Binti Ahmad,15/6/2022,Selangor
15,Daniel Bin Abu,6/10/2021,Perlis
16,Daniel Binti Omar,6/3/2021,Terengganu
17,Farah Binti Yusof,24/11/2022,Selangor
18,Zahra Binti Ahmad,12/5/2021,Kelantan
19,Siti Bin Ismail,10/10/2022,Kelantan
20,Daniel Bin Zainal,1/4/2022,Sarawak
21,Ali Binti Ali,7/11/2020,Sabah
22,Faiz Binti Ali,13/1/2021,Labuan
23,Zahra Bin Zainal,12/6/2020,Malacca
24,Hafiz Binti Ahmad,13/3/2020,Sabah
25,Daniel Bin Abu,4/11/2022,Terengganu
26,Farah Bin Hassan,22/4/2021,Perak
27,Liyana Binti Ali,19/4/2020,Perlis
28,Imran Binti Yusof,29/6/2021,Kuala Lumpur
29,Ali Binti Rahman,19/4/2022,Putrajaya
30,Aiman Bin Zainal,25/6/2021,Labuan
31,Hafiz Bin Ismail,17/10/2021,Sabah
32,Farah Binti Ali,26/1/2022,Kedah
33,Ahmad Bin Ismail,7/5/2022,Kuala Lumpur
34,Daniel Binti Ahmad,8/9/2022,Selangor
35,Ali Bin Ismail,23/11/2021,Perak
36,Nora Binti Ali,1/9/2022,Johor
37,Faiz Binti Ahmad,19/8/2022,Negeri Sembilan
38,Syafiq Bin Zainal,16/2/2020,Sarawak
39,Siti Bin Zainal,30/10/2020,Kedah
40,Zahra Bin Ismail,13/3/2022,Kedah
41,Aisyah Binti Ahmad,29/7/2022,Sarawak
42,Farah Binti Ali,1/5/2022,Negeri Sembilan
43,Hafiz Binti Omar,24/10/2021,Terengganu
44,Liyana Bin Ismail,5/9/2022,Penang
45,Siti Bin Hassan,26/12/2022,Labuan
46,Faiz Binti Ahmad,30/1/2020,Negeri Sembilan
47,Imran Binti Rahman,12/9/2020,Perlis
48,Nur Bin Zainal,1/1/2021,Johor
49,Nora Bin Abu,12/8/2022,Perlis
50,Nur Bin Abu,4/12/2020,Kedah
51,Daniel Bin Zainal,21/10/2022,Kelantan
52,Faiz Binti Ahmad,11/2/2022,Sabah
53,Ali Bin Ismail,18/1/2021,Negeri Sembilan
54,Imran Bin Zainal,21/2/2021,Kelantan
55,Nur Bin Hassan,14/8/2022,Penang
56,Faiz Bin Hassan,8/10/2022,Perak
57,Siti Binti Ahmad,3/4/2022,Sabah
58,Siti Bin Ismail,5/3/2020,Labuan
59,Farah Binti Rahman,28/1/2021,Penang
60,Liyana Binti Ahmad,22/10/2022,Putrajaya
61,Farah Binti Yusof,10/1/2021,Sabah
62,Imran Binti Yusof,4/1/2022,Pahang
63,Zahra Bin Ismail,8/6/2022,Malacca
64,Siti Binti Rahman,16/3/2021,Perlis
65,Syafiq Binti Ali,22/12/2021,Perak
66,Daniel Bin Abu,2/3/2020,Putrajaya
67,Nora Binti Ali,23/2/2020,Pahang
68,Siti Binti Omar,22/7/2022,Penang
69,Daniel Binti Yusof,24/12/2022,Selangor
70,Hafiz Binti Ali,8/1/2020,Penang
71,Faiz Binti Yusof,27/6/2022,Labuan
72,Hafiz Bin Hassan,14/3/2021,Perlis
73,Liyana Binti Ahmad,5/1/2020,Terengganu
74,Liyana Bin Abu,21/4/2021,Johor
75,Aisyah Binti Ali,27/11/2021,Malacca
76,Aisyah Binti Rahman,3/10/2020,Pahang
77,Daniel Binti Ahmad,2/3/2021,Kelantan
78,Daniel Bin Zainal,27/9/2021,Malacca
79,Ali Binti Ahmad,26/12/2020,Kedah
80,Faiz Binti Omar,6/2/2020,Penang
81,Syafiq Bin Abu,25/2/2022,Kelantan
82,Farah Binti Ahmad,26/3/2022,Negeri Sembilan
83,Liyana Binti Omar,6/3/2021,Perlis
84,Liyana Binti Ali,27/9/2022,Selangor
85,Nora Binti Ahmad,30/5/2022,Penang
86,Nora Binti Rahman,20/7/2021,Sabah
87,Hafiz Bin Ismail,21/10/2022,Labuan
88,Siti Bin Zainal,12/9/2021,Perlis
89,Daniel Binti Omar,19/5/2020,Pahang
90,Liyana Binti Rahman,3/3/2020,Perlis
91,Imran Bin Abu,13/1/2020,Selangor
92,Hafiz Bin Zainal,1/9/2022,Kuala Lumpur
93,Syafiq Bin Abu,10/3/2020,Perak
94,Ali Bin Zainal,20/6/2021,Sarawak
95,Imran Binti Ahmad,11/4/2020,Perlis
96,Nur Bin Abu,25/4/2021,Terengganu
97,Nur Binti Ali,22/6/2020,Kuala Lumpur
98,Ali Bin Hassan,16/7/2020,Labuan
99,Nora Binti Ali,30/11/2020,Terengganu
100,Daniel Binti Rahman,7/9/2021,Pahang
101,Daniel Binti Omar,30/10/2022,Johor
102,Siti Bin Hassan,19/10/2022,Selangor
103,Liyana Binti Omar,17/7/2020,Kelantan
104,Aiman Binti Rahman,23/7/2020,Johor
105,Nora Binti Yusof,4/10/2022,Perak
106,Nur Binti Rahman,18/3/2022,Johor
107,Daniel Bin Ismail,4/12/2021,Perak
108,Farah Binti Ahmad,26/11/2020,Kuala Lumpur
109,Faiz Bin Zainal,11/11/2022,Sarawak
110,Syafiq Binti Rahman,7/5/2021,Perlis
111,Syafiq Binti Ali,30/1/2021,Negeri Sembilan
112,Nur Bin Ismail,20/6/2021,Kelantan
113,Ali Bin Zainal,12/1/2021,Labuan
114,Ahmad Binti Rahman,31/7/2020,Terengganu
115,Nur Bin Ismail,24/6/2020,Labuan
116,Ahmad Binti Ali,17/11/2020,Negeri Sembilan
117,Farah Bin Abu,21/4/2020,Malacca
118,Nur Binti Ali,27/2/2020,Kelantan
119,Imran Bin Abu,14/11/2022,Selangor
120,Nora Bin Zainal,5/10/2022,Putrajaya
121,Ali Binti Rahman,7/12/2020,Sabah
122,Nur Binti Ahmad,27/3/2020,Pahang
123,Aisyah Bin Hassan,14/11/2022,Selangor
124,Nur Binti Rahman,29/4/2022,Terengganu
125,Siti Bin Hassan,23/2/2020,Pahang
126,Nur Bin Hassan,30/5/2020,Sabah
127,Daniel Binti Yusof,25/8/2022,Labuan
128,Nur Binti Ali,2/12/2021,Penang
129,Ali Binti Yusof,21/3/2020,Selangor
130,Zahra Binti Yusof,12/2/2021,Putrajaya
131,Faiz Bin Hassan,25/1/2021,Kedah
132,Nora Bin Abu,3/10/2020,Negeri Sembilan
133,Aisyah Binti Ali,26/11/2022,Sabah
134,Ahmad Binti Yusof,24/2/2021,Negeri Sembilan
135,Farah Bin Zainal,15/4/2022,Negeri Sembilan
136,Daniel Binti Ali,11/1/2021,Labuan
137,Nur Bin Ismail,14/3/2021,Terengganu
138,Nur Binti Rahman,9/3/2021,Perlis
139,Syafiq Binti Omar,18/4/2020,Kelantan
140,Faiz Binti Omar,13/11/2020,Sabah
141,Aiman Bin Hassan,26/3/2022,Sabah
142,Nur Binti Ali,19/5/2022,Sarawak
143,Syafiq Binti Rahman,20/8/2020,Sarawak
144,Ali Bin Abu,11/7/2022,Perlis
145,Aisyah Binti Rahman,23/7/2021,Kelantan
146,Nora Bin Abu,18/11/2020,Pahang
147,Ali Bin Ismail,22/1/2022,Selangor
148,Siti Binti Yusof,17/9/2021,Sabah
149,Syafiq Bin Hassan,1/10/2022,Sabah
150,Nur Binti Yusof,2/11/2022,Perlis
151,Imran Bin Abu,18/5/2022,Pahang
152,Siti Binti Yusof,29/3/2020,Johor
153,Ahmad Binti Yusof,11/1/2022,Putrajaya
154,Aiman Bin Hassan,22/6/2021,Sarawak
155,Aiman Binti Yusof,13/4/2021,Sarawak
156,Farah Binti Rahman,11/12/2020,Sarawak
157,Aisyah Bin Hassan,6/6/2020,Sarawak
158,Siti Bin Ismail,3/3/2020,Penang
159,Aiman Bin Ismail,30/7/2022,Negeri Sembilan
160,Ahmad Binti Rahman,28/12/2022,Malacca
161,Ahmad Bin Zainal,29/9/2020,Kelantan
162,Ahmad Bin Abu,15/4/2020,Labuan
163,Hafiz Bin Hassan,10/4/2022,Pahang
164,Liyana Binti Rahman,12/9/2020,Perak
165,Siti Bin Abu,5/2/2022,Malacca
166,Liyana Binti Ali,17/2/2021,Penang
167,Nora Binti Omar,24/5/2022,Labuan
168,Ali Binti Ali,22/9/2020,Selangor
169,Aisyah Bin Ismail,19/4/2020,Selangor
170,Faiz Binti Ali,4/3/2021,Kedah
171,Imran Bin Ismail,21/2/2021,Kelantan
172,Hafiz Bin Abu,4/6/2021,Perak
173,Hafiz Binti Ali,30/4/2021,Kedah
174,Faiz Binti Rahman,28/3/2022,Sarawak
175,Zahra Binti Ahmad,5/12/2022,Kelantan
176,Nur Bin Zainal,26/2/2022,Putrajaya
177,Nur Binti Ahmad,5/12/2022,Sarawak
178,Faiz Binti Omar,30/5/2022,Kelantan
179,Aisyah Binti Ahmad,18/4/2022,Pahang
180,Syafiq Bin Zainal,6/9/2021,Kedah
181,Imran Binti Ali,18/4/2022,Negeri Sembilan
182,Ahmad Bin Hassan,20/8/2022,Penang
183,Hafiz Binti Ali,6/5/2022,Labuan
184,Ali Binti Rahman,15/12/2022,Terengganu
185,Nur Binti Rahman,3/10/2021,Terengganu
186,Aiman Binti Omar,5/8/2020,Perak
187,Imran Bin Zainal,12/12/2020,Johor
188,Imran Binti Ali,7/11/2020,Johor
189,Imran Bin Ismail,31/10/2022,Terengganu
190,Zahra Binti Ahmad,9/5/2022,Perak
191,Siti Bin Hassan,25/6/2021,Johor
192,Nora Binti Rahman,11/12/2020,Johor
193,Farah Binti Ahmad,13/3/2022,Negeri Sembilan
194,Hafiz Binti Rahman,10/8/2021,Pahang
195,Ahmad Binti Rahman,25/4/2020,Kuala Lumpur
196,Aiman Binti Ali,25/2/2021,Kuala Lumpur
197,Imran Binti Omar,11/1/2020,Pahang
198,Aiman Binti Ali,27/6/2020,Labuan
199,Imran Binti Ali,3/11/2022,Negeri Sembilan
200,Farah Binti Rahman,10/11/2021,Selangor
201,Siti Binti Ahmad,31/12/2020,Sarawak
202,Aiman Bin Ismail,26/8/2020,Kuala Lumpur
203,Farah Bin Zainal,5/3/2020,Terengganu
204,Nur Binti Ahmad,16/8/2021,Johor
205,Liyana Bin Hassan,20/3/2022,Perlis
206,Aiman Bin Abu,6/5/2020,Johor
207,Ali Binti Yusof,28/7/2022,Sarawak
208,Nora Binti Ahmad,6/3/2022,Johor
209,Ahmad Bin Abu,18/4/2021,Johor
210,Zahra Binti Omar,12/6/2021,Pahang
211,Aisyah Binti Ahmad,23/5/2022,Sarawak
212,Siti Bin Hassan,28/7/2020,Sarawak
213,Liyana Binti Yusof,1/11/2021,Kelantan
214,Liyana Bin Abu,15/2/2022,Kuala Lumpur
215,Ali Binti Ali,18/4/2022,Kelantan
216,Imran Binti Omar,24/8/2020,Selangor
217,Liyana Bin Abu,3/3/2022,Sarawak
218,Nora Bin Zainal,19/2/2020,Selangor
219,Hafiz Binti Rahman,20/12/2022,Negeri Sembilan
220,Siti Binti Yusof,15/8/2021,Labuan
221,Siti Bin Abu,8/3/2022,Sarawak
222,Aiman Bin Zainal,9/9/2020,Pahang
223,Imran Bin Abu,11/8/2022,Sabah
224,Imran Bin Zainal,18/8/2021,Selangor
225,Nur Bin Ismail,21/2/2020,Pahang
226,Aisyah Binti Ali,6/8/2020,Selangor
227,Zahra Binti Rahman,8/12/2022,Malacca
228,Imran Binti Yusof,12/6/2022,Perlis
229,Hafiz Binti Omar,25/11/2021,Pahang
230,Imran Bin Ismail,14/2/2021,Selangor
231,Nora Binti Omar,1/3/2021,Putrajaya
232,Daniel Binti Omar,27/7/2020,Sabah
233,Imran Binti Yusof,23/11/2021,Kedah
234,Ahmad Binti Omar,20/8/2020,Pahang
235,Farah Bin Zainal,15/11/2021,Pahang
236,Daniel Binti Yusof,23/7/2022,Putrajaya
237,Daniel Bin Ismail,10/12/2020,Perak
238,Aiman Binti Omar,11/9/2022,Johor
239,Daniel Binti Ali,21/10/2020,Johor
240,Faiz Bin Abu,29/3/2022,Pahang
241,Nora Bin Hassan,3/5/2022,Pahang
242,Nur Bin Ismail,4/3/2020,Perlis
243,Nora Bin Hassan,3/2/2021,Negeri Sembilan
244,Zahra Binti Ahmad,28/8/2020,Malacca
245,Nora Bin Ismail,6/12/2020,Kelantan
246,Nur Bin Abu,7/8/2022,Perlis
247,Aisyah Bin Ismail,4/3/2021,Malacca
248,Faiz Bin Zainal,6/3/2022,Johor
249,Aiman Binti Ali,26/5/2022,Johor
250,Daniel Binti Ahmad,13/12/2020,Sarawak
251,Zahra Binti Rahman,24/11/2020,Putrajaya
252,Faiz Binti Rahman,7/1/2022,Sarawak
253,Zahra Bin Abu,20/5/2022,Penang
254,Ali Binti Ahmad,8/3/2020,Malacca
255,Siti Binti Ahmad,7/7/2020,Sarawak
256,Ahmad Binti Ali,14/7/2020,Terengganu
257,Hafiz Binti Yusof,30/12/2021,Selangor
258,Zahra Bin Zainal,21/9/2021,Johor
259,Faiz Binti Rahman,12/12/2020,Negeri Sembilan
260,Ali Binti Yusof,20/3/2022,Penang
261,Imran Bin Ismail,7/11/2020,Sarawak
262,Aiman Bin Abu,3/5/2021,Kedah
263,Farah Binti Yusof,19/4/2022,Sarawak
264,Ahmad Binti Rahman,15/7/2022,Negeri Sembilan
265,Imran Binti Rahman,20/11/2021,Perlis
266,Aisyah Bin Ismail,10/8/2021,Selangor
267,Zahra Binti Yusof,7/7/2022,Terengganu
268,Ali Bin Zainal,12/8/2022,Kelantan
269,Hafiz Bin Zainal,28/11/2021,Perak
270,Aisyah Binti Ali,24/5/2022,Sabah
271,Farah Binti Ahmad,3/6/2022,Kuala Lumpur
272,Liyana Binti Ahmad,25/7/2020,Labuan
273,Aisyah Binti Yusof,5/5/2022,Johor
274,Zahra Binti Yusof,27/10/2021,Putrajaya
275,Farah Binti Ahmad,23/9/2021,Kuala Lumpur
276,Liyana Binti Omar,23/3/2022,Pahang
277,Nur Binti Yusof,20/5/2022,Perlis
278,Aisyah Binti Yusof,28/7/2022,Sabah
279,Aisyah Binti Omar,4/3/2022,Negeri Sembilan
280,Hafiz Binti Ahmad,26/10/2021,Kuala Lumpur
281,Faiz Binti Rahman,3/4/2022,Putrajaya
282,Nora Bin Abu,29/1/2020,Kuala Lumpur
283,Aiman Binti Ahmad,30/6/2020,Perak
284,Nur Binti Yusof,23/10/2020,Kuala Lumpur
285,Daniel Bin Zainal,23/4/2022,Perak
286,Syafiq Bin Hassan,27/4/2021,Negeri Sembilan
287,Syafiq Bin Ismail,18/12/2021,Sarawak
288,Liyana Bin Hassan,22/3/2022,Malacca
289,Daniel Binti Omar,25/5/2020,Selangor
290,Aisyah Binti Ali,8/7/2021,Kuala Lumpur
291,Aiman Binti Rahman,1/4/2020,Penang
292,Aisyah Bin Zainal,8/8/2021,Kelantan
293,Ali Bin Ismail,16/7/2020,Perak
294,Aisyah Binti Ahmad,3/2/2021,Kelantan
295,Nur Bin Ismail,2/12/2021,Pahang
296,Siti Bin Abu,25/8/2020,Sarawak
297,Ahmad Bin Ismail,24/5/2022,Perak
298,Syafiq Binti Ali,18/9/2020,Negeri Sembilan
299,Syafiq Binti Yusof,22/10/2022,Perlis
300,Imran Bin Ismail,15/5/2020,Terengganu
301,Farah Binti Yusof,8/12/2020,Putrajaya
302,Syafiq Binti Yusof,2/8/2021,Perlis
303,Nur Binti Omar,5/12/2021,Labuan
304,Aisyah Bin Abu,25/7/2021,Labuan
305,Imran Binti Ali,6/10/2022,Perlis
306,Daniel Binti Yusof,20/6/2021,Kelantan
307,Nur Binti Omar,13/11/2022,Kedah
308,Daniel Binti Rahman,22/5/2020,Selangor
309,Syafiq Bin Abu,1/6/2022,Terengganu
310,Liyana Bin Ismail,18/7/2022,Terengganu
311,Imran Binti Ali,16/12/2021,Labuan
312,Syafiq Binti Omar,16/3/2020,Labuan
313,Daniel Bin Hassan,27/9/2021,Kuala Lumpur
314,Aisyah Binti Rahman,5/3/2020,Pahang
315,Liyana Bin Zainal,8/5/2020,Kuala Lumpur
316,Daniel Bin Hassan,2/2/2020,Malacca
317,Hafiz Binti Rahman,6/6/2020,Pahang
318,Faiz Binti Rahman,2/6/2022,Sarawak
319,Syafiq Binti Omar,3/10/2021,Sabah
320,Farah Bin Hassan,10/7/2022,Terengganu
321,Syafiq Binti Ahmad,3/8/2021,Sarawak
322,Daniel Bin Ismail,15/11/2020,Johor
323,Nora Binti Ahmad,24/10/2021,Sabah
324,Daniel Binti Rahman,15/9/2020,Labuan
325,Syafiq Bin Ismail,29/11/2021,Penang
326,Aiman Bin Hassan,10/4/2022,Sarawak
327,Ali Binti Ahmad,13/3/2022,Negeri Sembilan
328,Nur Binti Ahmad,13/12/2020,Sabah
329,Zahra Bin Zainal,30/4/2021,Labuan
330,Imran Binti Rahman,11/12/2020,Johor
331,Ali Binti Omar,4/1/2020,Johor
332,Siti Bin Ismail,17/1/2022,Selangor
333,Faiz Binti Omar,21/9/2020,Perak
334,Farah Bin Ismail,25/5/2021,Johor
335,Ali Binti Yusof,7/12/2020,Labuan
336,Faiz Bin Zainal,10/3/2021,Sarawak
337,Liyana Bin Hassan,21/8/2021,Penang
338,Faiz Bin Abu,10/4/2022,Kedah
339,Nur Binti Yusof,16/12/2022,Terengganu
340,Faiz Bin Abu,26/6/2022,Putrajaya
341,Nora Binti Yusof,15/5/2022,Penang
342,Syafiq Bin Abu,26/4/2021,Kedah
343,Zahra Binti Ahmad,21/11/2020,Malacca
344,Daniel Binti Yusof,12/1/2022,Terengganu
345,Nora Binti Yusof,9/9/2020,Perak
346,Liyana Binti Rahman,15/12/2022,Putrajaya
347,Daniel Bin Ismail,12/7/2020,Penang
348,Syafiq Bin Ismail,16/12/2021,Johor
349,Aiman Binti Yusof,13/6/2020,Johor
350,Syafiq Bin Abu,24/8/2021,Perak
351,Faiz Bin Zainal,27/8/2021,Labuan
352,Aisyah Binti Yusof,14/4/2020,Perlis
353,Farah Binti Omar,18/12/2020,Selangor
354,Nora Bin Hassan,6/3/2021,Sabah
355,Imran Binti Omar,6/9/2021,Perak
356,Hafiz Binti Rahman,17/8/2021,Selangor
357,Ahmad Binti Yusof,28/3/2020,Labuan
358,Hafiz Bin Abu,28/6/2021,Pahang
359,Ali Binti Yusof,18/5/2020,Penang
360,Siti Bin Hassan,8/2/2020,Perak
361,Siti Bin Abu,3/3/2021,Malacca
362,Aiman Binti Yusof,16/6/2022,Sabah
363,Zahra Bin Ismail,1/4/2020,Johor
364,Syafiq Bin Zainal,22/12/2022,Selangor
365,Zahra Binti Yusof,20/2/2020,Penang
366,Aiman Binti Yusof,11/11/2020,Selangor
367,Aiman Binti Ali,8/3/2020,Selangor
368,Syafiq Bin Abu,5/6/2022,Terengganu
369,Farah Binti Rahman,5/3/2022,Terengganu
370,Ahmad Bin Zainal,13/1/2021,Kuala Lumpur
371,Nur Binti Ali,31/1/2022,Pahang
372,Daniel Bin Abu,2/4/2021,Kelantan
373,Daniel Bin Abu,13/11/2022,Sarawak
374,Nur Bin Ismail,26/4/2022,Perlis
375,Nora Bin Abu,23/4/2022,Penang
376,Hafiz Binti Omar,19/2/2020,Perlis
377,Nur Binti Omar,1/10/2020,Johor
378,Syafiq Binti Ali,26/9/2021,Sarawak
379,Hafiz Bin Ismail,21/3/2020,Negeri Sembilan
380,Syafiq Binti Ahmad,26/1/2020,Kedah
381,Daniel Bin Zainal,27/4/2022,Kuala Lumpur
382,Siti Binti Ali,3/4/2021,Selangor
383,Daniel Binti Omar,20/7/2020,Labuan
384,Aiman Binti Ali,2/11/2022,Perak
385,Hafiz Bin Abu,6/7/2021,Perlis
386,Imran Binti Ahmad,28/11/2022,Kedah
387,Hafiz Binti Yusof,14/3/2020,Selangor
388,Faiz Bin Ismail,25/2/2022,Penang
389,Ali Bin Ismail,8/4/2020,Pahang
390,Ali Binti Ahmad,9/7/2022,Penang
391,Nora Binti Ali,11/3/2021,Putrajaya
392,Daniel Bin Abu,16/3/2022,Johor
393,Zahra Binti Rahman,9/11/2020,Sarawak
394,Faiz Bin Zainal,20/5/2022,Malacca
395,Ali Binti Rahman,31/3/2022,Kuala Lumpur
396,Aisyah Bin Zainal,24/10/2021,Kuala Lumpur
397,Ahmad Binti Yusof,19/1/2020,Perlis
398,Nora Bin Hassan,12/1/2022,Labuan
399,Ali Binti Yusof,2/5/2022,Pahang
400,Zahra Bin Hassan,14/1/2021,Negeri Sembilan
401,Farah Binti Omar,6/6/2021,Negeri Sembilan
402,Faiz Binti Omar,24/1/2021,Putrajaya
403,Farah Binti Rahman,21/3/2021,Kuala Lumpur
404,Aisyah Binti Ahmad,19/4/2022,Pahang
405,Hafiz Binti Rahman,3/6/2022,Pahang
406,Daniel Bin Hassan,12/7/2021,Perlis
407,Syafiq Binti Yusof,16/6/2020,Perak
408,Nora Binti Ahmad,12/12/2022,Penang
409,Zahra Bin Ismail,4/1/2021,Sarawak
410,Nora Binti Ali,11/3/2021,Kuala Lumpur
411,Aiman Bin Hassan,31/1/2021,Selangor
412,Nur Bin Hassan,30/6/2021,Perlis
413,Hafiz Binti Yusof,21/11/2021,Labuan
414,Zahra Bin Abu,29/1/2021,Labuan
415,Syafiq Bin Zainal,11/9/2022,Penang
416,Siti Bin Hassan,27/6/2020,Kuala Lumpur
417,Nur Bin Zainal,9/6/2022,Johor
418,Daniel Binti Ahmad,12/3/2022,Johor
419,Zahra Binti Ahmad,31/7/2022,Putrajaya
420,Imran Binti Ahmad,4/3/2021,Kelantan
421,Liyana Bin Abu,16/10/2022,Kedah
422,Liyana Bin Ismail,29/6/2020,Selangor
423,Ali Bin Ismail,28/2/2020,Kelantan
424,Farah Binti Yusof,27/5/2022,Negeri Sembilan
425,Syafiq Binti Rahman,1/8/2022,Labuan
426,Daniel Bin Ismail,22/3/2021,Pahang
427,Farah Bin Hassan,21/7/2020,Malacca
428,Aisyah Bin Hassan,16/10/2021,Terengganu
429,Syafiq Bin Abu,6/9/2022,Kedah
430,Ali Binti Ahmad,26/6/2022,Malacca
431,Nur Binti Yusof,30/5/2020,Terengganu
432,Farah Bin Ismail,14/1/2021,Kedah
433,Aiman Bin Zainal,9/2/2021,Negeri Sembilan
434,Syafiq Binti Rahman,31/3/2022,Pahang
435,Liyana Bin Zainal,16/9/2022,Selangor
436,Faiz Binti Rahman,9/7/2022,Penang
437,Zahra Bin Zainal,6/6/2021,Kedah
438,Farah Bin Hassan,17/11/2020,Penang
439,Aiman Binti Ahmad,4/12/2021,Penang
440,Aiman Bin Ismail,1/11/2022,Sabah
441,Ali Bin Ismail,5/4/2021,Negeri Sembilan
442,Zahra Binti Ali,22/2/2021,Kelantan
443,Farah Binti Rahman,9/6/2020,Kuala Lumpur
444,Daniel Binti Omar,24/5/2022,Kedah
445,Nur Bin Ismail,12/1/2022,Kelantan
446,Farah Bin Hassan,28/4/2022,Johor
447,Aiman Binti Rahman,7/8/2022,Pahang
448,Hafiz Binti Ahmad,21/3/2020,Kuala Lumpur
449,Ali Bin Ismail,25/1/2020,Sarawak
450,Aiman Bin Ismail,26/3/2022,Malacca
451,Zahra Binti Omar,26/8/2022,Perlis
452,Aiman Bin Abu,21/12/2022,Johor
453,Farah Binti Rahman,19/6/2020,Kedah
454,Siti Binti Ahmad,17/5/2021,Johor
455,Ahmad Bin Abu,2/12/2020,Kelantan
456,Liyana Binti Ahmad,3/7/2022,Putrajaya
457,Farah Binti Omar,4/9/2020,Putrajaya
458,Aisyah Bin Hassan,10/8/2022,Perak
459,Ali Bin Abu,30/8/2020,Sabah
460,Hafiz Binti Ahmad,11/11/2022,Sarawak
461,Syafiq Bin Hassan,31/7/2020,Kedah
462,Syafiq Bin Zainal,7/2/2021,Sabah
463,Siti Bin Abu,15/9/2021,Kelantan
464,Aiman Bin Hassan,25/11/2022,Labuan
465,Ali Binti Ali,30/11/2021,Putrajaya
466,Faiz Bin Hassan,8/9/2021,Labuan
467,Ali Bin Abu,6/5/2020,Negeri Sembilan
468,Siti Binti Omar,3/11/2021,Sabah
469,Daniel Binti Ahmad,16/3/2021,Terengganu
470,Ali Bin Ismail,3/7/2022,Perlis
471,Ali Binti Rahman,22/5/2020,Labuan
472,Daniel Binti Yusof,16/8/2022,Selangor
473,Hafiz Bin Ismail,27/2/2022,Putrajaya
474,Daniel Binti Rahman,10/5/2021,Terengganu
475,Faiz Bin Hassan,17/9/2020,Negeri Sembilan
476,Imran Bin Hassan,10/8/2022,Pahang
477,Aiman Binti Yusof,27/9/2020,Penang
478,Aiman Bin Abu,10/8/2021,Perlis
479,Hafiz Binti Ali,22/3/2020,Malacca
480,Daniel Bin Ismail,6/1/2022,Kelantan
481,Aisyah Bin Ismail,28/9/2020,Malacca
482,Aiman Binti Ali,30/10/2022,Negeri Sembilan
483,Siti Bin Ismail,21/9/2022,Kedah
484,Siti Binti Rahman,14/5/2021,Labuan
485,Ali Binti Omar,15/5/2021,Pahang
486,Ahmad Binti Yusof,17/3/2022,Sabah
487,Syafiq Bin Hassan,4/2/2021,Penang
488,Aiman Bin Abu,9/7/2021,Negeri Sembilan
489,Nur Binti Ahmad,5/8/2022,Kuala Lumpur
490,Farah Binti Ahmad,14/11/2021,Sarawak
491,Farah Bin Hassan,29/8/2022,Kedah
492,Ali Bin Ismail,5/4/2022,Malacca
493,Imran Binti Ahmad,29/3/2021,Johor
494,Daniel Bin Ismail,19/11/2022,Kelantan
495,Faiz Binti Ali,4/11/2020,Negeri Sembilan
496,Liyana Bin Ismail,1/6/2022,Sarawak
497,Aisyah Binti Omar,26/8/2020,Malacca
498,Imran Binti Ahmad,11/9/2021,Sabah
499,Nora Binti Omar,15/11/2021,Penang
500,Ali Bin Abu,11/10/2020,Selangor
501,Siti Binti Ahmad,14/10/2022,Negeri Sembilan
502,Hafiz Binti Ahmad,3/8/2021,Kedah
503,Syafiq Binti Ali,9/6/2021,Terengganu
504,Syafiq Binti Ahmad,20/8/2021,Sabah
505,Farah Binti Yusof,29/12/2022,Perlis
506,Aiman Binti Rahman,26/6/2022,Sabah
507,Liyana Bin Hassan,8/6/2020,Kelantan
508,Syafiq Binti Ali,10/7/2022,Pahang
509,Hafiz Bin Abu,14/6/2021,Kuala Lumpur
510,Imran Binti Yusof,7/8/2021,Labuan
511,Farah Bin Zainal,1/8/2021,Perak
512,Hafiz Binti Ahmad,28/8/2022,Putrajaya
513,Ahmad Binti Ali,3/9/2021,Labuan
514,Nur Bin Abu,25/1/2020,Terengganu
515,Daniel Binti Ahmad,17/12/2022,Labuan
516,Hafiz Bin Abu,18/11/2020,Johor
517,Daniel Binti Omar,24/12/2020,Johor
518,Syafiq Binti Rahman,4/11/2020,Kuala Lumpur
519,Aisyah Bin Hassan,15/5/2021,Johor
520,Imran Binti Ahmad,23/4/2021,Penang
521,Siti Binti Yusof,9/5/2022,Terengganu
522,Aisyah Bin Hassan,8/4/2022,Terengganu
523,Ali Bin Hassan,1/10/2021,Perlis
524,Zahra Binti Yusof,8/12/2022,Labuan
525,Zahra Bin Zainal,16/12/2020,Negeri Sembilan
526,Aisyah Binti Ali,8/12/2020,Putrajaya
527,Nora Binti Omar,26/3/2020,Malacca
528,Zahra Binti Yusof,16/1/2020,Selangor
529,Farah Bin Hassan,31/10/2021,Penang
530,Aiman Binti Yusof,23/1/2022,Selangor
531,Nora Binti Rahman,6/6/2020,Kedah
532,Ahmad Bin Hassan,9/11/2022,Johor
533,Ali Bin Zainal,6/1/2021,Negeri Sembilan
534,Aiman Bin Zainal,12/11/2021,Johor
535,Ali Binti Yusof,28/5/2021,Malacca
536,Nora Binti Rahman,27/7/2022,Penang
537,Nora Bin Abu,12/1/2021,Sarawak
538,Aisyah Binti Rahman,17/8/2022,Putrajaya
539,Syafiq Binti Yusof,14/8/2021,Johor
540,Ahmad Bin Ismail,9/4/2022,Johor
541,Liyana Bin Zainal,9/6/2020,Perlis
542,Hafiz Bin Hassan,19/9/2021,Kelantan
543,Aisyah Bin Hassan,24/12/2021,Selangor
544,Daniel Bin Abu,22/11/2020,Penang
545,Nur Binti Ahmad,2/1/2020,Labuan
546,Liyana Binti Omar,17/1/2021,Sabah
547,Imran Binti Ahmad,1/10/2021,Labuan
548,Syafiq Bin Hassan,3/4/2021,Kuala Lumpur
549,Ali Bin Abu,17/6/2022,Johor
550,Aisyah Bin Ismail,6/10/2020,Kelantan
551,Farah Binti Omar,14/5/2022,Kuala Lumpur
552,Aiman Binti Rahman,4/2/2020,Johor
553,Ahmad Binti Rahman,21/12/2020,Putrajaya
554,Faiz Binti Ali,29/12/2021,Sabah
555,Nur Binti Ali,23/1/2021,Sarawak
556,Syafiq Binti Ali,4/10/2022,Penang
557,Aisyah Binti Omar,17/4/2020,Johor
558,Syafiq Binti Ahmad,24/11/2021,Malacca
559,Liyana Binti Ahmad,10/1/2022,Labuan
560,Faiz Bin Hassan,8/2/2021,Malacca
561,Syafiq Bin Ismail,25/10/2021,Kelantan
562,Syafiq Binti Rahman,6/5/2021,Johor
563,Siti Binti Yusof,3/3/2021,Sarawak
564,Nur Binti Rahman,28/1/2020,Selangor
565,Farah Binti Omar,27/3/2022,Selangor
566,Nora Binti Ali,3/3/2020,Malacca
567,Aiman Binti Yusof,4/9/2022,Sabah
568,Zahra Binti Rahman,19/4/2022,Perlis
569,Aiman Bin Abu,27/8/2020,Pahang
570,Aiman Binti Ahmad,1/6/2022,Terengganu
571,Nora Bin Hassan,28/2/2022,Kelantan
572,Nora Binti Omar,20/5/2022,Sabah
573,Syafiq Binti Rahman,13/8/2021,Perlis
574,Syafiq Bin Zainal,22/9/2021,Selangor
575,Zahra Binti Rahman,19/12/2021,Perlis
576,Daniel Binti Rahman,22/2/2021,Sarawak
577,Faiz Bin Hassan,6/9/2020,Sabah
578,Imran Bin Zainal,13/6/2021,Labuan
579,Nora Bin Ismail,20/1/2020,Sarawak
580,Farah Bin Ismail,30/6/2020,Perlis
581,Hafiz Binti Yusof,4/8/2022,Johor
582,Nur Binti Yusof,28/6/2021,Labuan
583,Ahmad Bin Zainal,30/1/2022,Sarawak
584,Farah Bin Hassan,19/8/2021,Kuala Lumpur
585,Farah Binti Yusof,25/12/2021,Negeri Sembilan
586,Faiz Binti Omar,6/6/2021,Pahang
587,Syafiq Bin Abu,24/1/2022,Malacca
588,Siti Binti Rahman,25/12/2020,Penang
589,Hafiz Bin Zainal,15/11/2021,Negeri Sembilan
590,Nora Binti Ali,3/3/2021,Terengganu
591,Nora Bin Hassan,3/6/2022,Pahang
592,Ali Binti Rahman,30/5/2020,Kedah
593,Imran Bin Hassan,21/2/2020,Kedah
594,Ahmad Binti Omar,22/6/2020,Kedah
595,Faiz Binti Omar,24/4/2020,Sabah
596,Ali Bin Hassan,2/10/2021,Kedah
597,Daniel Binti Ahmad,11/12/2020,Sabah
598,Zahra Binti Yusof,17/8/2022,Putrajaya
599,Aisyah Binti Ali,17/5/2022,Kelantan
600,Nora Bin Zainal,2/1/2020,Penang
601,Nora Binti Rahman,17/5/2022,Kelantan
602,Faiz Bin Zainal,1/1/2020,Negeri Sembilan
603,Aisyah Bin Hassan,30/3/2022,Penang
604,Nora Binti Rahman,26/7/2022,Sabah
605,Ahmad Binti Ali,5/7/2022,Selangor
606,Nur Binti Ahmad,16/10/2022,Selangor
607,Nur Binti Ali,9/6/2021,Kuala Lumpur
608,Faiz Binti Ali,16/4/2021,Selangor
609,Daniel Binti Ali,12/7/2021,Perlis
610,Syafiq Binti Omar,9/4/2020,Malacca
611,Farah Binti Ahmad,28/9/2021,Perlis
612,Imran Bin Abu,28/9/2022,Labuan
613,Ahmad Bin Zainal,6/5/2021,Johor
614,Daniel Bin Abu,9/3/2021,Terengganu
615,Aiman Bin Zainal,19/6/2022,Kelantan
616,Zahra Binti Yusof,25/5/2020,Putrajaya
617,Siti Bin Ismail,17/12/2020,Johor
618,Liyana Binti Yusof,22/4/2022,Malacca
619,Hafiz Binti Omar,22/2/2021,Sabah
620,Siti Binti Omar,29/3/2022,Labuan
621,Ali Binti Yusof,3/11/2021,Sarawak
622,Hafiz Bin Ismail,17/7/2021,Kedah
623,Syafiq Binti Omar,25/9/2021,Perlis
624,Nur Bin Hassan,21/10/2022,Pahang
625,Aisyah Binti Ahmad,11/9/2022,Perak
626,Syafiq Binti Ahmad,3/10/2022,Selangor
627,Aisyah Bin Abu,8/4/2022,Labuan
628,Imran Bin Hassan,1/11/2022,Terengganu
629,Imran Binti Ahmad,22/7/2021,Sabah
630,Aisyah Binti Rahman,22/10/2021,Selangor
631,Siti Binti Ali,5/3/2020,Perlis
632,Syafiq Bin Zainal,16/4/2020,Selangor
633,Hafiz Binti Ahmad,23/5/2022,Perlis
634,Aisyah Binti Yusof,17/5/2020,Malacca
635,Farah Binti Ahmad,24/7/2020,Kuala Lumpur
636,Syafiq Binti Ahmad,14/8/2022,Pahang
637,Nur Binti Yusof,18/9/2020,Labuan
638,Nora Bin Hassan,7/5/2020,Selangor
639,Ali Bin Ismail,31/3/2020,Negeri Sembilan
640,Faiz Bin Zainal,9/7/2022,Terengganu
641,Hafiz Binti Ahmad,12/12/2021,Sabah
642,Farah Binti Ahmad,10/4/2022,Johor
643,Ahmad Binti Yusof,8/2/2021,Terengganu
644,Aiman Bin Abu,8/12/2020,Kedah
645,Hafiz Bin Abu,18/7/2022,Sabah
646,Imran Bin Hassan,7/2/2020,Kuala Lumpur
647,Nora Binti Ahmad,27/1/2021,Labuan
648,Daniel Bin Ismail,10/12/2022,Putrajaya
649,Hafiz Bin Zainal,1/3/2020,Perlis
650,Nur Bin Ismail,18/1/2022,Johor
651,Hafiz Binti Ahmad,26/12/2020,Selangor
652,Aisyah Binti Omar,14/5/2022,Johor
653,Aisyah Binti Ali,19/3/2020,Sabah
654,Imran Bin Abu,29/11/2021,Malacca
655,Aiman Bin Hassan,18/4/2021,Penang
656,Ahmad Bin Zainal,20/8/2022,Labuan
657,Farah Binti Omar,21/5/2021,Terengganu
658,Ali Binti Ahmad,23/4/2022,Kedah
659,Zahra Binti Yusof,6/1/2022,Putrajaya
660,Siti Bin Ismail,1/11/2020,Selangor
661,Siti Binti Rahman,15/12/2020,Kedah
662,Imran Bin Zainal,7/7/2022,Pahang
663,Liyana Binti Rahman,8/11/2022,Kuala Lumpur
664,Imran Binti Ahmad,19/11/2020,Negeri Sembilan
665,Nora Binti Omar,21/7/2022,Malacca
666,Aiman Bin Hassan,11/4/2020,Kelantan
667,Daniel Binti Ahmad,28/1/2022,Negeri Sembilan
668,Farah Bin Zainal,15/7/2020,Pahang
669,Daniel Binti Ali,15/1/2021,Johor
670,Syafiq Binti Ali,21/10/2022,Kelantan
671,Siti Bin Ismail,21/2/2020,Perak
672,Nora Binti Yusof,14/3/2021,Pahang
673,Nora Binti Rahman,24/8/2021,Sabah
674,Zahra Binti Ali,6/10/2020,Kelantan
675,Daniel Binti Yusof,3/8/2021,Pahang
676,Ahmad Binti Ahmad,12/12/2021,Sabah
677,Liyana Binti Ali,24/9/2020,Putrajaya
678,Syafiq Bin Zainal,6/1/2021,Labuan
679,Aisyah Binti Ahmad,26/1/2020,Terengganu
680,Hafiz Binti Yusof,5/1/2022,Selangor
681,Nora Bin Zainal,25/4/2020,Putrajaya
682,Ali Bin Ismail,20/2/2021,Johor
683,Syafiq Bin Abu,30/8/2021,Sabah
684,Hafiz Binti Rahman,19/7/2020,Penang
685,Zahra Bin Ismail,28/6/2022,Johor
686,Aisyah Binti Ali,4/3/2020,Negeri Sembilan
687,Aisyah Bin Hassan,17/7/2020,Kuala Lumpur
688,Imran Binti Ahmad,15/10/2020,Kelantan
689,Aisyah Binti Yusof,9/5/2021,Sarawak
690,Ali Binti Omar,19/8/2021,Malacca
691,Ahmad Bin Abu,16/11/2021,Pahang
692,Aiman Bin Hassan,22/10/2021,Sabah
693,Ali Binti Ali,13/7/2020,Terengganu
694,Nur Binti Rahman,30/8/2021,Sarawak
695,Siti Binti Yusof,3/12/2021,Kelantan
696,Syafiq Bin Zainal,25/1/2020,Perlis
697,Aisyah Binti Rahman,31/7/2020,Penang
698,Faiz Binti Omar,15/5/2021,Terengganu
699,Imran Binti Yusof,7/8/2021,Pahang
700,Aisyah Binti Ali,23/3/2022,Malacca
701,Nora Bin Hassan,3/3/2022,Labuan
702,Hafiz Binti Yusof,27/3/2020,Malacca
703,Aiman Bin Abu,17/7/2021,Sarawak
704,Farah Bin Zainal,23/8/2020,Johor
705,Nur Bin Hassan,6/4/2021,Kuala Lumpur
706,Syafiq Bin Ismail,6/4/2021,Kuala Lumpur
707,Nora Bin Zainal,12/4/2022,Terengganu
708,Ali Bin Zainal,4/10/2022,Malacca
709,Liyana Bin Zainal,6/6/2022,Johor
710,Ahmad Binti Yusof,22/7/2020,Negeri Sembilan
711,Aiman Bin Ismail,30/5/2022,Perak
712,Ali Bin Hassan,7/8/2022,Pahang
713,Ali Bin Ismail,14/10/2021,Kelantan
714,Aisyah Bin Abu,17/7/2021,Sarawak
715,Ahmad Bin Zainal,20/12/2021,Sarawak
716,Nur Binti Omar,5/1/2022,Sabah
717,Daniel Bin Ismail,5/7/2022,Perlis
718,Ali Binti Rahman,24/11/2022,Johor
719,Nur Bin Ismail,12/12/2022,Johor
720,Nora Bin Ismail,17/9/2022,Perak
721,Zahra Binti Omar,11/10/2022,Kelantan
722,Daniel Bin Abu,6/7/2020,Perak
723,Aiman Binti Omar,8/12/2022,Pahang
724,Siti Binti Rahman,6/9/2020,Sarawak
725,Aiman Binti Omar,7/11/2022,Penang
726,Ali Bin Abu,9/7/2020,Putrajaya
727,Siti Bin Abu,7/8/2022,Selangor
728,Zahra Bin Ismail,12/3/2021,Sabah
729,Hafiz Bin Zainal,26/7/2020,Kelantan
730,Ahmad Binti Omar,22/11/2021,Labuan
731,Aiman Bin Abu,2/8/2022,Pahang
732,Siti Binti Yusof,24/10/2021,Penang
733,Liyana Binti Ali,4/10/2021,Sarawak
734,Farah Binti Ali,6/9/2020,Kedah
735,Syafiq Bin Hassan,5/12/2020,Sarawak
736,Daniel Bin Zainal,12/8/2022,Malacca
737,Liyana Binti Ali,21/1/2021,Penang
738,Syafiq Binti Rahman,20/2/2021,Putrajaya
739,Nur Bin Abu,4/5/2022,Selangor
740,Farah Binti Rahman,8/1/2021,Perak
741,Aiman Bin Hassan,21/5/2021,Johor
742,Aisyah Bin Abu,1/6/2020,Negeri Sembilan
743,Ahmad Bin Hassan,4/4/2022,Terengganu
744,Nora Binti Yusof,16/7/2020,Selangor
745,Faiz Binti Ali,28/7/2020,Kuala Lumpur
746,Syafiq Bin Hassan,24/10/2020,Selangor
747,Ali Binti Ali,7/6/2020,Labuan
748,Zahra Binti Omar,31/10/2021,Putrajaya
749,Ali Binti Omar,14/8/2022,Kedah
750,Aiman Binti Rahman,30/11/2021,Perak
751,Farah Bin Zainal,1/7/2021,Perak
752,Faiz Binti Rahman,27/12/2020,Perlis
753,Aiman Bin Hassan,24/11/2022,Perlis
754,Liyana Binti Yusof,14/3/2020,Sabah
755,Ali Binti Ali,13/11/2022,Kedah
756,Nora Binti Rahman,8/6/2022,Kuala Lumpur
757,Farah Bin Ismail,16/8/2022,Sarawak
758,Faiz Bin Hassan,14/11/2021,Negeri Sembilan
759,Imran Bin Ismail,6/7/2022,Penang
760,Faiz Bin Zainal,18/2/2022,Kuala Lumpur
761,Nora Bin Hassan,14/11/2021,Labuan
762,Faiz Binti Yusof,16/11/2022,Labuan
763,Farah Binti Ali,29/1/2022,Perlis
764,Zahra Binti Yusof,8/12/2022,Malacca
765,Zahra Binti Ahmad,18/5/2020,Perak
766,Zahra Binti Omar,20/7/2022,Perak
767,Aisyah Bin Hassan,13/10/2021,Sabah
768,Ali Binti Ali,19/9/2022,Kuala Lumpur
769,Nora Binti Ali,31/7/2021,Terengganu
770,Ali Binti Yusof,11/6/2020,Terengganu
771,Ali Bin Zainal,5/2/2020,Kelantan
772,Daniel Binti Omar,4/1/2020,Kelantan
773,Liyana Bin Abu,24/3/2021,Perak
774,Hafiz Binti Rahman,28/9/2021,Johor
775,Liyana Bin Zainal,7/1/2020,Selangor
776,Aisyah Binti Ali,11/8/2021,Kelantan
777,Faiz Bin Zainal,2/8/2020,Johor
778,Nora Binti Yusof,5/1/2021,Perak
779,Nora Bin Abu,28/12/2021,Putrajaya
780,Aiman Binti Ahmad,29/5/2020,Kuala Lumpur
781,Zahra Binti Ali,4/10/2021,Terengganu
782,Hafiz Binti Rahman,2/3/2021,Perlis
783,Nur Binti Omar,20/6/2020,Kelantan
784,Aisyah Bin Hassan,19/2/2021,Selangor
785,Nur Binti Ali,23/7/2020,Kedah
786,Zahra Binti Rahman,28/10/2020,Kedah
787,Zahra Binti Ali,5/10/2022,Pahang
788,Daniel Binti Ahmad,1/8/2020,Malacca
789,Hafiz Bin Ismail,21/2/2020,Kelantan
790,Daniel Binti Yusof,15/6/2022,Putrajaya
791,Nora Binti Rahman,2/6/2020,Kedah
792,Daniel Binti Rahman,18/5/2021,Kelantan
793,Ahmad Binti Ahmad,28/6/2022,Sabah
794,Ahmad Binti Omar,24/5/2021,Selangor
795,Aiman Binti Ahmad,18/6/2021,Terengganu
796,Imran Bin Zainal,29/7/2020,Putrajaya
797,Zahra Bin Abu,7/10/2020,Terengganu
798,Siti Binti Omar,23/11/2020,Johor
799,Hafiz Binti Yusof,10/10/2020,Labuan
800,Ali Binti Omar,12/7/2020,Negeri Sembilan
801,Farah Bin Abu,24/2/2020,Selangor
802,Ali Binti Rahman,26/1/2021,Perlis
803,Nur Binti Yusof,27/2/2022,Sarawak
804,Faiz Bin Hassan,6/5/2020,Putrajaya
805,Zahra Binti Omar,21/4/2022,Putrajaya
806,Zahra Binti Ahmad,26/8/2020,Penang
807,Farah Bin Zainal,26/9/2021,Terengganu
808,Daniel Binti Ali,6/11/2020,Johor
809,Imran Bin Abu,18/1/2022,Kelantan
810,Siti Binti Omar,8/11/2021,Negeri Sembilan
811,Daniel Bin Abu,2/12/2021,Kedah
812,Aisyah Binti Ali,20/1/2022,Johor
813,Aiman Bin Hassan,17/4/2022,Sabah
814,Aisyah Binti Yusof,5/5/2022,Pahang
815,Syafiq Bin Hassan,20/11/2020,Penang
816,Faiz Binti Ahmad,30/7/2022,Perak
817,Nur Binti Rahman,7/6/2021,Johor
818,Ali Bin Zainal,6/6/2020,Terengganu
819,Faiz Binti Ali,24/1/2022,Penang
820,Aiman Bin Hassan,12/12/2020,Kuala Lumpur
821,Liyana Binti Ahmad,8/3/2022,Putrajaya
822,Ahmad Bin Ismail,3/9/2021,Perak
823,Faiz Bin Abu,5/6/2022,Sabah
824,Ahmad Bin Ismail,27/10/2021,Putrajaya
825,Aiman Bin Ismail,2/10/2020,Johor
826,Daniel Binti Omar,4/3/2020,Malacca
827,Daniel Binti Ahmad,21/4/2021,Kuala Lumpur
828,Aiman Bin Zainal,10/12/2021,Negeri Sembilan
829,Ali Bin Abu,20/8/2022,Johor
830,Syafiq Binti Yusof,16/2/2020,Malacca
831,Siti Binti Omar,20/6/2020,Johor
832,Faiz Binti Rahman,3/12/2020,Johor
833,Farah Bin Ismail,24/7/2021,Pahang
834,Liyana Binti Rahman,25/4/2022,Selangor
835,Nora Bin Zainal,1/2/2022,Sarawak
836,Ali Binti Yusof,10/8/2020,Labuan
837,Nora Bin Abu,31/10/2022,Labuan
838,Faiz Bin Abu,24/6/2022,Selangor
839,Syafiq Binti Ali,6/12/2021,Johor
840,Nora Bin Zainal,15/8/2022,Malacca
841,Hafiz Binti Yusof,4/9/2020,Perlis
842,Hafiz Binti Yusof,17/9/2021,Kedah
843,Farah Binti Yusof,27/11/2020,Perlis
844,Aiman Binti Ali,21/2/2021,Perak
845,Faiz Bin Abu,8/3/2022,Johor
846,Zahra Binti Omar,27/8/2022,Kedah
847,Daniel Bin Hassan,22/7/2021,Negeri Sembilan
848,Nora Bin Zainal,20/1/2020,Sarawak
849,Ali Binti Yusof,10/9/2021,Terengganu
850,Nora Binti Ali,12/10/2022,Malacca
851,Nur Binti Yusof,8/9/2021,Sarawak
852,Hafiz Binti Yusof,6/8/2021,Selangor
853,Liyana Binti Ali,29/7/2021,Malacca
854,Faiz Binti Ahmad,2/2/2020,Kuala Lumpur
855,Farah Bin Zainal,12/2/2022,Selangor
856,Nur Bin Zainal,9/6/2020,Terengganu
857,Daniel Binti Omar,12/5/2022,Perak
858,Ali Binti Rahman,6/9/2022,Sarawak
859,Aisyah Binti Ali,10/6/2021,Putrajaya
860,Liyana Binti Rahman,20/8/2021,Kedah
861,Nur Bin Zainal,21/12/2020,Selangor
862,Zahra Binti Omar,6/1/2020,Kelantan
863,Nur Binti Ali,6/4/2022,Perak
864,Siti Binti Ahmad,26/6/2021,Putrajaya
865,Nur Binti Omar,24/12/2021,Kedah
866,Hafiz Binti Omar,18/12/2021,Johor
867,Daniel Binti Ali,30/9/2020,Perak
868,Siti Bin Hassan,18/3/2020,Negeri Sembilan
869,Syafiq Bin Hassan,1/4/2020,Penang
870,Aisyah Bin Zainal,1/7/2022,Kuala Lumpur
871,Nora Bin Zainal,10/2/2022,Sarawak
872,Siti Bin Hassan,18/6/2021,Labuan
873,Ali Bin Hassan,17/8/2020,Negeri Sembilan
874,Syafiq Binti Ahmad,28/3/2020,Selangor
875,Daniel Binti Ahmad,14/4/2022,Malacca
876,Hafiz Bin Abu,18/7/2022,Sarawak
877,Zahra Binti Rahman,31/8/2020,Johor
878,Ali Binti Ahmad,22/5/2021,Kuala Lumpur
879,Syafiq Bin Hassan,10/3/2021,Sabah
880,Ahmad Bin Abu,8/11/2021,Kedah
881,Zahra Binti Ahmad,20/8/2020,Pahang
882,Ali Binti Ali,11/2/2021,Sarawak
883,Hafiz Binti Rahman,13/9/2020,Malacca
884,Faiz Bin Hassan,24/6/2020,Sabah
885,Hafiz Binti Rahman,10/1/2020,Perak
886,Daniel Bin Abu,8/10/2021,Perak
887,Syafiq Bin Ismail,3/12/2020,Perak
888,Zahra Bin Hassan,11/1/2022,Terengganu
889,Liyana Binti Omar,4/6/2022,Negeri Sembilan
890,Ahmad Bin Hassan,19/6/2020,Putrajaya
891,Ali Bin Zainal,18/12/2021,Negeri Sembilan
892,Farah Binti Ali,9/1/2020,Kedah
893,Liyana Binti Omar,13/2/2021,Perak
894,Ahmad Bin Ismail,25/10/2021,Kuala Lumpur
895,Farah Bin Hassan,3/7/2021,Kuala Lumpur
896,Syafiq Binti Rahman,21/12/2022,Selangor
897,Liyana Binti Omar,10/4/2022,Kuala Lumpur
898,Zahra Bin Zainal,30/4/2022,Johor
899,Imran Binti Ahmad,19/12/2021,Terengganu
900,Faiz Binti Yusof,24/3/2022,Negeri Sembilan
901,Daniel Bin Zainal,21/12/2022,Kelantan
902,Aisyah Bin Abu,11/8/2020,Kuala Lumpur
903,Daniel Bin Zainal,19/3/2021,Labuan
904,Ali Bin Zainal,22/9/2022,Sarawak
905,Ali Binti Rahman,7/3/2020,Terengganu
906,Aisyah Binti Yusof,25/5/2020,Pahang
907,Aiman Binti Ahmad,11/4/2022,Putrajaya
908,Farah Binti Omar,9/9/2022,Negeri Sembilan
909,Zahra Binti Ali,7/6/2021,Kelantan
910,Hafiz Binti Omar,13/7/2021,Putrajaya
911,Imran Bin Zainal,9/11/2021,Kedah
912,Aiman Binti Yusof,9/5/2021,Perlis
913,Siti Binti Ali,1/6/2021,Penang
914,Aiman Binti Rahman,31/8/2020,Johor
915,Faiz Bin Zainal,26/1/2020,Kuala Lumpur
916,Nora Binti Omar,29/12/2022,Labuan
917,Aisyah Binti Rahman,28/12/2021,Sarawak
918,Ali Binti Yusof,8/5/2020,Negeri Sembilan
919,Liyana Bin Zainal,18/1/2022,Penang
920,Ahmad Bin Zainal,18/12/2020,Terengganu
921,Aiman Binti Omar,4/12/2022,Negeri Sembilan
922,Nur Bin Zainal,8/7/2020,Perlis
923,Daniel Bin Hassan,17/7/2021,Kedah
924,Nur Bin Ismail,10/11/2022,Perlis
925,Siti Binti Omar,20/9/2022,Kedah
926,Ali Binti Ahmad,15/8/2021,Labuan
927,Nora Binti Ali,5/4/2020,Perak
928,Liyana Binti Rahman,11/6/2020,Kuala Lumpur
929,Nora Binti Rahman,18/7/2021,Penang
930,Ahmad Bin Zainal,2/7/2020,Pahang
931,Imran Binti Omar,27/3/2022,Perak
932,Hafiz Binti Yusof,6/6/2022,Putrajaya
933,Siti Binti Omar,13/1/2020,Negeri Sembilan
934,Siti Binti Omar,29/11/2022,Negeri Sembilan
935,Farah Bin Hassan,9/11/2020,Kedah
936,Ahmad Binti Yusof,7/12/2020,Selangor
937,Zahra Bin Ismail,24/4/2022,Kedah
938,Syafiq Binti Ahmad,4/6/2021,Terengganu
939,Daniel Bin Hassan,7/10/2020,Kuala Lumpur
940,Nur Binti Rahman,1/5/2021,Kedah
941,Nur Binti Ahmad,15/12/2021,Pahang
942,Daniel Bin Hassan,7/9/2022,Labuan
943,Imran Bin Ismail,17/2/2022,Penang
944,Zahra Bin Hassan,30/9/2021,Kedah
945,Syafiq Binti Ahmad,28/9/2021,Selangor
946,Daniel Binti Yusof,18/7/2022,Perak
947,Liyana Binti Rahman,22/8/2020,Negeri Sembilan
948,Faiz Binti Omar,11/8/2021,Perlis
949,Nora Bin Ismail,24/11/2022,Terengganu
950,Daniel Binti Omar,31/7/2022,Terengganu
951,Nora Binti Ahmad,4/8/2021,Malacca
952,Ahmad Bin Hassan,4/4/2021,Kelantan
953,Nora Bin Zainal,27/3/2021,Sarawak
954,Liyana Binti Ali,7/7/2021,Kelantan
955,Farah Binti Rahman,4/2/2021,Sarawak
956,Nora Binti Ali,15/3/2020,Sabah
957,Aiman Binti Ali,19/1/2021,Sarawak
958,Daniel Binti Omar,17/4/2020,Malacca
959,Aiman Bin Hassan,28/3/2022,Kuala Lumpur
960,Imran Binti Rahman,26/3/2020,Selangor
961,Siti Binti Yusof,3/8/2020,Putrajaya
962,Ali Bin Ismail,29/7/2021,Johor
963,Nora Bin Hassan,29/12/2022,Negeri Sembilan
964,Imran Bin Zainal,4/4/2022,Kuala Lumpur
965,Imran Bin Abu,6/4/2020,Johor
966,Faiz Bin Abu,8/12/2022,Pahang
967,Faiz Binti Rahman,29/10/2020,Pahang
968,Zahra Bin Ismail,8/6/2021,Putrajaya
969,Faiz Binti Ali,19/12/2021,Perak
970,Zahra Bin Ismail,19/4/2022,Putrajaya
971,Ahmad Bin Zainal,30/4/2022,Sarawak
972,Imran Binti Ali,9/4/2021,Labuan
973,Nora Bin Zainal,27/7/2022,Kelantan
974,Daniel Binti Omar,16/6/2021,Penang
975,Siti Bin Abu,13/11/2021,Kedah
976,Aiman Bin Hassan,23/8/2021,Labuan
977,Farah Binti Omar,16/10/2020,Putrajaya
978,Daniel Bin Hassan,14/7/2021,Kedah
979,Syafiq Bin Abu,16/3/2022,Putrajaya
980,Imran Binti Ali,6/9/2020,Penang
981,Ahmad Binti Ahmad,17/3/2021,Kedah
982,Nur Binti Omar,6/5/2020,Sabah
983,Liyana Binti Rahman,16/11/2021,Pahang
984,Faiz Binti Ali,11/10/2020,Perak
985,Daniel Binti Ahmad,19/5/2020,Perak
986,Nur Binti Ahmad,28/10/2020,Johor
987,Ali Bin Abu,7/9/2021,Pahang
988,Nur Binti Yusof,24/7/2022,Kelantan
989,Aisyah Bin Hassan,8/3/2020,Kuala Lumpur
990,Ali Binti Ali,20/11/2020,Kelantan
991,Nora Bin Hassan,5/2/2021,Negeri Sembilan
992,Hafiz Binti Rahman,30/6/2020,Kelantan
993,Ahmad Binti Rahman,11/4/2021,Labuan
994,Hafiz Bin Ismail,25/3/2021,Sarawak
995,Farah Binti Omar,6/6/2022,Perak
996,Aiman Binti Yusof,24/8/2022,Sarawak
997,Ahmad Bin Zainal,14/1/2022,Perak
998,Nur Binti Yusof,9/4/2020,Sarawak
999,Siti Binti Ali,24/2/2020,Kelantan
1000,Liyana Bin Zainal,18/6/2022,Negeri Sembilan
